Sample	Fraction	Peptide	Observed Modifications	Best Positions	Probability	Protein Start	Protein End
Chrom_03	Chromatin	ATGHADEHLAQTKSPGNSR	Mod1: Phosphorylation (PeakApex: 79.9666, Theoretical: 79.9663); Mod1: O-Sulfonation (Theoretical: 79.9568)	S14	1	128	146
Sol_01	Soluble	ATHLDPARLSPESAPGPAR	Mod1: Phosphorylation (PeakApex: 79.9666, Theoretical: 79.9663); Mod1: O-Sulfonation (Theoretical: 79.9568)	S10	1	250	268
Sol_01	Soluble	ATHLDPARLSPESAPGPAR	Mod1: Phosphorylation (PeakApex: 79.9666, Theoretical: 79.9663); Mod1: O-Sulfonation (Theoretical: 79.9568)	S10	1	250	268
Sol_02	Soluble	ATHLDPARLSPESAPGPAR	Mod1: Phosphorylation (PeakApex: 79.9666, Theoretical: 79.9663); Mod1: O-Sulfonation (Theoretical: 79.9568)	P6;A7;R8;L9;S10	1	250	268
Sol_04	Soluble	ATHLDPARLSPESAPGPAR	Mod1: Phosphorylation (PeakApex: 79.9666, Theoretical: 79.9663); Mod1: O-Sulfonation (Theoretical: 79.9568)	S10	1	250	268
Sol_01	Soluble	ATHLDPARLSPESAPGPAR	Mod1: Phosphorylation (PeakApex: 79.9666, Theoretical: 79.9663); Mod1: O-Sulfonation (Theoretical: 79.9568)	S10	0.9999	250	268
Sol_02	Soluble	ATGHADEHLAQTKSPGNSR	Mod1: Phosphorylation (PeakApex: 79.9666, Theoretical: 79.9663)	S14	0.9993	128	146
Sol_03	Soluble	ATHLDPARLSPESAPGPAR	Mod1: Phosphorylation (PeakApex: 79.9666, Theoretical: 79.9663); Mod1: O-Sulfonation (Theoretical: 79.9568)	P6;A7;R8;L9;S10	0.9972	250	268
Sol_04	Soluble	ATHLDPARLSPESAPGPAR	Mod1: Phosphorylation (PeakApex: 79.9666, Theoretical: 79.9663); Mod1: O-Sulfonation (Theoretical: 79.9568)	P6;A7;R8;L9;S10	0.9929	250	268
Sol_04	Soluble	ATHLDPARLSPESAPGPAR	Mod1: Phosphorylation (PeakApex: 79.9666, Theoretical: 79.9663); Mod1: O-Sulfonation (Theoretical: 79.9568)	S10	0.991	250	268
Sol_02	Soluble	ATHLDPARLSPESAPGPAR	Mod1: Phosphorylation (PeakApex: 79.9666, Theoretical: 79.9663); Mod1: O-Sulfonation (Theoretical: 79.9568)	R8;L9;S10	0.9899	250	268
Chrom_01	Chromatin	ATGHADEHLAQTKSPGNSR	Mod1: Phosphorylation (PeakApex: 79.9666, Theoretical: 79.9663); Mod1: O-Sulfonation (Theoretical: 79.9568)	S14	0.9844	128	146
Chrom_02	Chromatin	ATHLDPARLSPESAPGPAR	Mod1: Phosphorylation (PeakApex: 79.9666, Theoretical: 79.9663)	P6;A7;R8;L9;S10	0.9736	250	268
Sol_01	Soluble	ATGHADEHLAQTKSPGNSR	Mod1: Phosphorylation (PeakApex: 79.9666, Theoretical: 79.9663); Mod1: O-Sulfonation (Theoretical: 79.9568)	S14	0.9556	128	146
Chrom_04	Chromatin	ATHLDPARLSPESAPGPAR	Mod1: Phosphorylation (PeakApex: 79.9666, Theoretical: 79.9663)	P6;A7;R8;L9;S10	0.9416	250	268
Chrom_03	Chromatin	ATHLDPARLSPESAPGPAR	Mod1: Phosphorylation (PeakApex: 79.9666, Theoretical: 79.9663)	P6;A7;R8;L9;S10	0.9115	250	268
Sol_02	Soluble	ATHLDPARLSPESAPGPAR	Mod1: Phosphorylation (PeakApex: 79.9666, Theoretical: 79.9663); Mod1: O-Sulfonation (Theoretical: 79.9568)	P6;A7;R8;L9;S10	0.8539	250	268
Sol_02	Soluble	ATHLDPARLSPESAPGPAR	Mod1: Phosphorylation (PeakApex: 79.9666, Theoretical: 79.9663); Mod1: O-Sulfonation (Theoretical: 79.9568)	L9;S10	0.7678	250	268
