Gene	Assigned Modifications	Fraction	PSM_count
BRD1	13C(57.0214), 5C(57.0214)	Soluble	1
BRD2	N-term(42.0106)	Chromatin	10
BRD2	N-term(42.0106)	Soluble	1
BRD3	N-term(42.0106)	Chromatin	13
CTCF	10C(57.0214), 13C(57.0214)	Chromatin	16
CTCF	3C(57.0214), 6C(57.0214)	Chromatin	7
CTCF	1C(57.0214), 4C(57.0214)	Chromatin	6
CTCF	14C(57.0214)	Chromatin	5
CTCF	5M(15.9949)	Chromatin	3
CTCF	10C(57.0214), 13C(57.0214)	Soluble	2
CTDSP1	N-term(42.0106)	Chromatin	7
EZH2	10C(57.0214)	Chromatin	2
EZHIP	8C(57.0214)	Chromatin	7
EZHIP	2C(57.0214)	Chromatin	5
EZHIP	1C(57.0214)	Chromatin	4
EZHIP	12C(57.0214)	Chromatin	2
EZHIP	20C(57.0214)	Chromatin	1
EZHIP	20C(57.0214)	Soluble	27
EZHIP	8C(57.0214)	Soluble	9
EZHIP	1C(57.0214)	Soluble	8
EZHIP	2C(57.0214)	Soluble	5
EZHIP	N-term(42.0106)	Soluble	4
EZHIP	21C(57.0214)	Soluble	3
EZHIP	6C(57.0214)	Soluble	3
EZHIP	13C(57.0214)	Soluble	1
FOSL1	12C(57.0214)	Chromatin	2
FOSL2	17M(15.9949)	Chromatin	1
FOXK2	N-term(42.0106)	Chromatin	4
FOXK2	N-term(42.0106)	Soluble	7
JUNB	9C(57.0214)	Chromatin	1
KAT6A	5C(57.0214)	Chromatin	2
KAT6B	3C(57.0214)	Chromatin	1
KAT7	1M(15.9949)	Chromatin	11
KAT7	11M(15.9949)	Chromatin	4
KAT7	22M(15.9949)	Chromatin	3
MED12	N-term(42.0106)	Chromatin	1
MED12	N-term(42.0106)	Soluble	11
MED12	3M(15.9949)	Soluble	2
MED12	7C(57.0214)	Soluble	1
MED28	N-term(42.0106)	Soluble	9
STAT6	N-term(42.0106)	Soluble	11
TP53BP1	18C(57.0214)	Chromatin	3
TP53BP1	1M(15.9949)	Chromatin	1
TP53BP1	3C(57.0214)	Chromatin	1
TP53BP1	3C(57.0214)	Soluble	9
TP53BP1	13C(57.0214)	Soluble	4
TP53BP1	18C(57.0214)	Soluble	2
