Sample	Fraction	Gene	Peptide	Assigned Modifications	Best Positions	Probability	Protein Start	Protein End
Chrom_03	Chromatin	BRD2	MLQNVTPHNKLPGEGNAGLLGLGPEAAAPGKR	N-term(42.0106)	NA	1	1	32
Chrom_04	Chromatin	BRD2	MLQNVTPHNK	N-term(42.0106)	N4	0.9989	1	10
Chrom_02	Chromatin	BRD2	MLQNVTPHNK	N-term(42.0106)	NA	0.9983	1	10
Chrom_03	Chromatin	BRD2	MLQNVTPHNK	N-term(42.0106)	NA	0.9972	1	10
Chrom_03	Chromatin	BRD2	MLQNVTPHNK	N-term(42.0106)	NA	0.9969	1	10
Chrom_01	Chromatin	BRD2	MLQNVTPHNK	N-term(42.0106)	NA	0.9968	1	10
Chrom_01	Chromatin	BRD2	MLQNVTPHNK	N-term(42.0106)	NA	0.9964	1	10
Chrom_04	Chromatin	BRD2	MLQNVTPHNK	N-term(42.0106)	NA	0.9954	1	10
Chrom_02	Chromatin	BRD2	MLQNVTPHNK	N-term(42.0106)	NA	0.9942	1	10
Chrom_01	Chromatin	BRD2	MLQNVTPHNK	N-term(42.0106)	NA	0.9922	1	10
Sol_03	Soluble	BRD2	MLQNVTPHNKLPGEGNAGLLGLGPEAAAPGK	N-term(42.0106)	NA	0.9236	1	31
Chrom_02	Chromatin	BRD2	MLQNVTPHNK	N-term(42.0106)	NA	0.898	1	10
Chrom_04	Chromatin	BRD2	YAKMPDEPLEPGPLPVSTAMPPGLAK	20M(15.9949), 4M(15.9949)	A19;M20;P21	0.8915	450	475
Chrom_01	Chromatin	BRD3	STATTVAPAGIPATPGPVNPPPPEVSNPSKPGR	N-term(42.0106)	NA	1	2	34
Chrom_01	Chromatin	BRD3	STATTVAPAGIPATPGPVNPPPPEVSNPSKPGR	N-term(42.0106)	NA	1	2	34
Chrom_02	Chromatin	BRD3	STATTVAPAGIPATPGPVNPPPPEVSNPSKPGR	N-term(42.0106)	NA	1	2	34
Chrom_02	Chromatin	BRD3	STATTVAPAGIPATPGPVNPPPPEVSNPSKPGR	N-term(42.0106)	NA	1	2	34
Chrom_02	Chromatin	BRD3	STATTVAPAGIPATPGPVNPPPPEVSNPSKPGR	N-term(42.0106)	NA	1	2	34
Chrom_03	Chromatin	BRD3	STATTVAPAGIPATPGPVNPPPPEVSNPSKPGR	N-term(42.0106)	NA	1	2	34
Chrom_04	Chromatin	BRD3	STATTVAPAGIPATPGPVNPPPPEVSNPSKPGR	N-term(42.0106)	NA	1	2	34
Chrom_04	Chromatin	BRD3	STATTVAPAGIPATPGPVNPPPPEVSNPSKPGR	N-term(42.0106)	NA	1	2	34
Chrom_04	Chromatin	BRD3	STATTVAPAGIPATPGPVNPPPPEVSNPSKPGR	N-term(42.0106)	NA	1	2	34
Chrom_03	Chromatin	BRD3	STATTVAPAGIPATPGPVNPPPPEVSNPSKPGR	N-term(42.0106)	NA	0.9997	2	34
Chrom_04	Chromatin	BRD3	STATTVAPAGIPATPGPVNPPPPEVSNPSKPGR	N-term(42.0106)	NA	0.9989	2	34
Chrom_02	Chromatin	BRD3	STATTVAPAGIPATPGPVNPPPPEVSNPSKPGR	N-term(42.0106)	NA	0.9277	2	34
Chrom_02	Chromatin	BRD3	STATTVAPAGIPATPGPVNPPPPEVSNPSKPGR	N-term(42.0106)	NA	0.905	2	34
Chrom_03	Chromatin	BRD3	STATTVAPAGIPATPGPVNPPPPEVSNPSKPGRK	N-term(42.0106)	NA	0.8959	2	35
Chrom_04	Chromatin	BRD3	STATTVAPAGIPATPGPVNPPPPEVSNPSKPGRK	N-term(42.0106)	NA	0.8928	2	35
Chrom_01	Chromatin	BRD3	STATTVAPAGIPATPGPVNPPPPEVSNPSKPGR	N-term(42.0106)	NA	0.8818	2	34
Chrom_03	Chromatin	CTCF	VVGNMKPPKPTK	5M(15.9949)	NA	0.9963	245	256
Chrom_04	Chromatin	CTCF	VVGNMKPPKPTK	5M(15.9949)	NA	0.9897	245	256
Chrom_02	Chromatin	CTCF	VVGNMKPPKPTK	5M(15.9949)	NA	0.9786	245	256
Chrom_01	Chromatin	CTCF	VVGNMKPPKPTK	5M(15.9949)	NA	0.894	245	256
Chrom_01	Chromatin	CTCF	VVGNMKPPKPTK	5M(15.9949)	NA	0.8459	245	256
Chrom_02	Chromatin	CTDSP1	MDSSAVITQISK	N-term(42.0106)	NA	1	1	12
Chrom_02	Chromatin	CTDSP1	MDSSAVITQISK	N-term(42.0106)	NA	1	1	12
Chrom_03	Chromatin	CTDSP1	MDSSAVITQISK	N-term(42.0106)	NA	1	1	12
Chrom_04	Chromatin	CTDSP1	MDSSAVITQISK	N-term(42.0106)	NA	1	1	12
Chrom_01	Chromatin	CTDSP1	MDSSAVITQISK	N-term(42.0106)	NA	0.9999	1	12
Chrom_02	Chromatin	CTDSP1	MDSSAVITQISK	N-term(42.0106)	NA	0.9999	1	12
Chrom_03	Chromatin	CTDSP1	MDSSAVITQISK	N-term(42.0106)	NA	0.9993	1	12
Sol_03	Soluble	EZHIP	ATQSDMEKEQK	N-term(42.0106)	NA	0.9998	2	12
Sol_04	Soluble	EZHIP	ATQSDMEKEQK	N-term(42.0106)	NA	0.9965	2	12
Sol_01	Soluble	EZHIP	ATQSDMEKEQK	N-term(42.0106)	NA	0.9934	2	12
Sol_02	Soluble	EZHIP	ATQSDMEKEQK	N-term(42.0106)	NA	0.9248	2	12
Chrom_04	Chromatin	FOSL2	SHPYSPLPGLASVPGHMALPR	17M(15.9949)	NA	0.9546	79	99
Chrom_03	Chromatin	FOSL2	SHPYSPLPGLASVPGHMALPR	17M(15.9949)	NA	0.8572	79	99
Sol_01	Soluble	FOXK2	AAAAAALSGAGTPPAGGGAGGGGAGGGGSPPGGWAVAR	N-term(42.0106)	G25;G26;G27;G28;S29	1	2	39
Sol_03	Soluble	FOXK2	AAAAAALSGAGTPPAGGGAGGGGAGGGGSPPGGWAVAR	N-term(42.0106)	NA	1	2	39
Sol_04	Soluble	FOXK2	AAAAAALSGAGTPPAGGGAGGGGAGGGGSPPGGWAVAR	N-term(42.0106)	NA	1	2	39
Sol_02	Soluble	FOXK2	AAAAAALSGAGTPPAGGGAGGGGAGGGGSPPGGWAVAR	N-term(42.0106)	NA	0.9999	2	39
Sol_01	Soluble	FOXK2	AAAAAALSGAGTPPAGGGAGGGGAGGGGSPPGGWAVAR	N-term(42.0106)	NA	0.9996	2	39
Chrom_03	Chromatin	FOXK2	AAAAAALSGAGTPPAGGGAGGGGAGGGGSPPGGWAVAR	N-term(42.0106)	G28;S29	0.997	2	39
Chrom_03	Chromatin	FOXK2	AAAAAALSGAGTPPAGGGAGGGGAGGGGSPPGGWAVAR	N-term(42.0106)	NA	0.9965	2	39
Chrom_01	Chromatin	FOXK2	AAAAAALSGAGTPPAGGGAGGGGAGGGGSPPGGWAVAR	N-term(42.0106)	NA	0.9885	2	39
Sol_02	Soluble	FOXK2	AAAAAALSGAGTPPAGGGAGGGGAGGGGSPPGGWAVAR	N-term(42.0106)	G16;G17;G18;A19;G20;G21;G22;G23;A24;G25;G26;G27;G28;S29	0.9805	2	39
Chrom_03	Chromatin	FOXK2	AAAAAALSGAGTPPAGGGAGGGGAGGGGSPPGGWAVAR	N-term(42.0106)	P13;P14;A15;G16;G17;G18;A19;G20;G21;G22;G23;A24;G25;G26;G27;G28;S29	0.9774	2	39
Sol_03	Soluble	FOXK2	AAAAAALSGAGTPPAGGGAGGGGAGGGGSPPGGWAVAR	N-term(42.0106)	P13;P14;A15;G16;G17;G18;A19;G20;G21;G22;G23;A24;G25;G26;G27;G28;S29	0.9519	2	39
Sol_04	Soluble	FOXK2	AAAAAALSGAGTPPAGGGAGGGGAGGGGSPPGGWAVAR	N-term(42.0106)	P13;P14;A15;G16;G17;G18;A19;G20;G21;G22;G23;A24;G25;G26;G27;G28	0.8309	2	39
Sol_02	Soluble	FOXK2	MAAAAAALSGAGTPPAGGGAGGGGAGGGGSPPGGWAVAR	N-term(42.0106)	W35;A36	0.6967	1	39
Chrom_02	Chromatin	KAT7	EISQETAVNPVDIVSTLQALQMLK	22M(15.9949)	NA	1	543	566
Chrom_02	Chromatin	KAT7	LQGQITEGSNMIK	11M(15.9949)	NA	1	326	338
Chrom_01	Chromatin	KAT7	MLIDFSYLLSK	1M(15.9949)	NA	0.9999	489	499
Chrom_03	Chromatin	KAT7	MLIDFSYLLSK	1M(15.9949)	NA	0.9999	489	499
Chrom_04	Chromatin	KAT7	MLIDFSYLLSK	1M(15.9949)	NA	0.9999	489	499
Chrom_04	Chromatin	KAT7	LQGQITEGSNMIK	11M(15.9949)	NA	0.9999	326	338
Chrom_03	Chromatin	KAT7	MLIDFSYLLSK	1M(15.9949)	NA	0.9998	489	499
Chrom_02	Chromatin	KAT7	MLIDFSYLLSK	1M(15.9949)	M1	0.9997	489	499
Chrom_01	Chromatin	KAT7	MLIDFSYLLSK	1M(15.9949)	M1	0.9995	489	499
Chrom_01	Chromatin	KAT7	MLIDFSYLLSK	1M(15.9949)	NA	0.9994	489	499
Chrom_04	Chromatin	KAT7	EISQETAVNPVDIVSTLQALQMLK	22M(15.9949)	NA	0.9994	543	566
Chrom_01	Chromatin	KAT7	MLIDFSYLLSK	1M(15.9949)	M1	0.9991	489	499
Chrom_01	Chromatin	KAT7	LQGQITEGSNMIK	11M(15.9949)	Q4	0.999	326	338
Chrom_03	Chromatin	KAT7	MLIDFSYLLSK	1M(15.9949)	M1	0.9979	489	499
Chrom_02	Chromatin	KAT7	MLIDFSYLLSK	1M(15.9949)	NA	0.9976	489	499
Chrom_03	Chromatin	KAT7	LQGQITEGSNMIK	11M(15.9949)	NA	0.992	326	338
Chrom_01	Chromatin	KAT7	MLIDFSYLLSK	1M(15.9949)	NA	0.9797	489	499
Chrom_03	Chromatin	KAT7	EISQETAVNPVDIVSTLQALQMLK	22M(15.9949)	NA	0.9649	543	566
Sol_04	Soluble	KAT7	QGYGKMLIDFSYLLSK	6M(15.9949)	Y3;G4;K5;M6	0.8483	484	499
Chrom_04	Chromatin	KAT7	MLIDFSYLLSK	1M(15.9949)	M1;L2	0.8366	489	499
Sol_03	Soluble	MED12	LPMQKLPTRPTYPGVLPTTMTGVMGLEPSSYK	3M(15.9949)	K5;L6;P7;T8;R9;P10;T11;Y12;P13;G14;V15;L16	1	1863	1894
Sol_01	Soluble	MED12	AAFGILSYEHRPLK	N-term(42.0106)	NA	0.9999	2	15
Sol_03	Soluble	MED12	AAFGILSYEHRPLK	N-term(42.0106)	NA	0.9999	2	15
Sol_02	Soluble	MED12	AAFGILSYEHRPLK	N-term(42.0106)	NA	0.9998	2	15
Sol_01	Soluble	MED12	AAFGILSYEHRPLK	N-term(42.0106)	NA	0.9992	2	15
Sol_03	Soluble	MED12	AAFGILSYEHRPLK	N-term(42.0106)	NA	0.9991	2	15
Sol_01	Soluble	MED12	LPMQKLPTRPTYPGVLPTTMTGVMGLEPSSYK	3M(15.9949)	L1;P2;M3;Q4;K5;L6;P7;T8;R9;P10;T11;Y12;P13;G14;V15;L16	0.9975	1863	1894
Sol_03	Soluble	MED12	AAFGILSYEHRPLK	N-term(42.0106)	I5	0.9975	2	15
Sol_03	Soluble	MED12	AAFGILSYEHRPLK	N-term(42.0106)	A1	0.9953	2	15
Sol_02	Soluble	MED12	AAFGILSYEHRPLK	N-term(42.0106)	A2	0.9932	2	15
Chrom_04	Chromatin	MED12	AAFGILSYEHRPLK	N-term(42.0106)	NA	0.9907	2	15
Sol_04	Soluble	MED12	AAFGILSYEHRPLK	N-term(42.0106)	NA	0.9884	2	15
Sol_04	Soluble	MED12	AAFGILSYEHRPLK	N-term(42.0106)	A2	0.9883	2	15
Sol_03	Soluble	MED12	AAFGILSYEHRPLK	N-term(42.0106)	NA	0.9221	2	15
Sol_01	Soluble	MED28	AAPLGGMFSGQPPGPPQAPPGLPGQASLLQAAPGAPR	N-term(42.0106)	NA	1	2	38
Sol_03	Soluble	MED28	AAPLGGMFSGQPPGPPQAPPGLPGQASLLQAAPGAPR	N-term(42.0106)	NA	1	2	38
Sol_04	Soluble	MED28	AAPLGGMFSGQPPGPPQAPPGLPGQASLLQAAPGAPR	N-term(42.0106)	NA	1	2	38
Sol_04	Soluble	MED28	AAPLGGMFSGQPPGPPQAPPGLPGQASLLQAAPGAPR	N-term(42.0106)	NA	1	2	38
Sol_04	Soluble	MED28	AAPLGGMFSGQPPGPPQAPPGLPGQASLLQAAPGAPR	N-term(42.0106)	NA	0.9999	2	38
Sol_02	Soluble	MED28	AAPLGGMFSGQPPGPPQAPPGLPGQASLLQAAPGAPR	N-term(42.0106)	NA	0.9996	2	38
Sol_03	Soluble	MED28	AAPLGGMFSGQPPGPPQAPPGLPGQASLLQAAPGAPR	N-term(42.0106)	NA	0.9859	2	38
Sol_01	Soluble	MED28	AAPLGGMFSGQPPGPPQAPPGLPGQASLLQAAPGAPR	N-term(42.0106)	NA	0.9677	2	38
Sol_02	Soluble	MED28	AAPLGGMFSGQPPGPPQAPPGLPGQASLLQAAPGAPR	N-term(42.0106)	NA	0.9264	2	38
Sol_01	Soluble	MED28	AAPLGGMFSGQPPGPPQAPPGLPGQASLLQAAPGAPR	N-term(42.0106)	NA	0.896	2	38
Sol_02	Soluble	STAT6	SLWGLVSK	N-term(42.0106)	L2	0.9997	2	9
Sol_01	Soluble	STAT6	SLWGLVSK	N-term(42.0106)	NA	0.9993	2	9
Sol_03	Soluble	STAT6	SLWGLVSK	N-term(42.0106)	NA	0.999	2	9
Sol_01	Soluble	STAT6	SLWGLVSK	N-term(42.0106)	L2	0.9988	2	9
Sol_04	Soluble	STAT6	SLWGLVSK	N-term(42.0106)	S1	0.9978	2	9
Sol_03	Soluble	STAT6	SLWGLVSK	N-term(42.0106)	S1	0.9977	2	9
Sol_04	Soluble	STAT6	SLWGLVSK	N-term(42.0106)	NA	0.9962	2	9
Sol_02	Soluble	STAT6	SLWGLVSK	N-term(42.0106)	NA	0.9938	2	9
Sol_04	Soluble	STAT6	SLWGLVSK	N-term(42.0106)	NA	0.9914	2	9
Sol_03	Soluble	STAT6	SLWGLVSK	N-term(42.0106)	S1	0.9894	2	9
Sol_04	Soluble	STAT6	SLWGLVSK	N-term(42.0106)	S1	0.9607	2	9
Sol_04	Soluble	STAT6	SLWGLVSK	N-term(42.0106)	NA	0.8832	2	9
Chrom_02	Chromatin	TP53BP1	MAVILSLEQGNR	1M(15.9949)	NA	0.9932	1584	1595
Sol_01	Soluble	TP53BP1	MAVILSLEQGNRLREQYGLGPYEAVTPLTK	1M(15.9949)	M1;A2;V3;I4;L5;S6;L7;E8;Q9;G10;N11;R12;L13;R14;E15;Q16	0.8644	1584	1613
