Sample	Fraction	Gene	Peptide	Observed Modifications	Best Positions	Probability	Protein Start	Protein End
Chrom_03	Chromatin	EZHIP	ATGHADEHLAQTKSPGNSR	Mod1: Phosphorylation (PeakApex: 79.9666, Theoretical: 79.9663); Mod1: O-Sulfonation (Theoretical: 79.9568)	S14	1	128	146
Sol_01	Soluble	EZHIP	ATHLDPARLSPESAPGPAR	Mod1: Phosphorylation (PeakApex: 79.9666, Theoretical: 79.9663); Mod1: O-Sulfonation (Theoretical: 79.9568)	S10	1	250	268
Sol_01	Soluble	EZHIP	ATHLDPARLSPESAPGPAR	Mod1: Phosphorylation (PeakApex: 79.9666, Theoretical: 79.9663); Mod1: O-Sulfonation (Theoretical: 79.9568)	S10	1	250	268
Sol_02	Soluble	EZHIP	ATHLDPARLSPESAPGPAR	Mod1: Phosphorylation (PeakApex: 79.9666, Theoretical: 79.9663); Mod1: O-Sulfonation (Theoretical: 79.9568)	P6;A7;R8;L9;S10	1	250	268
Sol_04	Soluble	EZHIP	ATHLDPARLSPESAPGPAR	Mod1: Phosphorylation (PeakApex: 79.9666, Theoretical: 79.9663); Mod1: O-Sulfonation (Theoretical: 79.9568)	S10	1	250	268
Sol_01	Soluble	EZHIP	ATHLDPARLSPESAPGPAR	Mod1: Phosphorylation (PeakApex: 79.9666, Theoretical: 79.9663); Mod1: O-Sulfonation (Theoretical: 79.9568)	S10	0.9999	250	268
Sol_02	Soluble	EZHIP	ATGHADEHLAQTKSPGNSR	Mod1: Phosphorylation (PeakApex: 79.9666, Theoretical: 79.9663)	S14	0.9993	128	146
Sol_03	Soluble	EZHIP	ATHLDPARLSPESAPGPAR	Mod1: Phosphorylation (PeakApex: 79.9666, Theoretical: 79.9663); Mod1: O-Sulfonation (Theoretical: 79.9568)	P6;A7;R8;L9;S10	0.9972	250	268
Sol_04	Soluble	EZHIP	ATHLDPARLSPESAPGPAR	Mod1: Phosphorylation (PeakApex: 79.9666, Theoretical: 79.9663); Mod1: O-Sulfonation (Theoretical: 79.9568)	P6;A7;R8;L9;S10	0.9929	250	268
Sol_04	Soluble	EZHIP	ATHLDPARLSPESAPGPAR	Mod1: Phosphorylation (PeakApex: 79.9666, Theoretical: 79.9663); Mod1: O-Sulfonation (Theoretical: 79.9568)	S10	0.991	250	268
Sol_02	Soluble	EZHIP	ATHLDPARLSPESAPGPAR	Mod1: Phosphorylation (PeakApex: 79.9666, Theoretical: 79.9663); Mod1: O-Sulfonation (Theoretical: 79.9568)	R8;L9;S10	0.9899	250	268
Chrom_01	Chromatin	EZHIP	ATGHADEHLAQTKSPGNSR	Mod1: Phosphorylation (PeakApex: 79.9666, Theoretical: 79.9663); Mod1: O-Sulfonation (Theoretical: 79.9568)	S14	0.9844	128	146
Chrom_02	Chromatin	EZHIP	ATHLDPARLSPESAPGPAR	Mod1: Phosphorylation (PeakApex: 79.9666, Theoretical: 79.9663)	P6;A7;R8;L9;S10	0.9736	250	268
Sol_01	Soluble	EZHIP	ATGHADEHLAQTKSPGNSR	Mod1: Phosphorylation (PeakApex: 79.9666, Theoretical: 79.9663); Mod1: O-Sulfonation (Theoretical: 79.9568)	S14	0.9556	128	146
Chrom_04	Chromatin	EZHIP	ATHLDPARLSPESAPGPAR	Mod1: Phosphorylation (PeakApex: 79.9666, Theoretical: 79.9663)	P6;A7;R8;L9;S10	0.9416	250	268
Chrom_03	Chromatin	EZHIP	ATHLDPARLSPESAPGPAR	Mod1: Phosphorylation (PeakApex: 79.9666, Theoretical: 79.9663)	P6;A7;R8;L9;S10	0.9115	250	268
Sol_02	Soluble	EZHIP	ATHLDPARLSPESAPGPAR	Mod1: Phosphorylation (PeakApex: 79.9666, Theoretical: 79.9663); Mod1: O-Sulfonation (Theoretical: 79.9568)	P6;A7;R8;L9;S10	0.8539	250	268
Sol_02	Soluble	EZHIP	ATHLDPARLSPESAPGPAR	Mod1: Phosphorylation (PeakApex: 79.9666, Theoretical: 79.9663); Mod1: O-Sulfonation (Theoretical: 79.9568)	L9;S10	0.7678	250	268
Chrom_01	Chromatin	FOSL2	RSPPAPGLQPMR	Mod1: Phosphorylation (PeakApex: 79.9666, Theoretical: 79.9663); Mod1: O-Sulfonation (Theoretical: 79.9568)	R1;S2	0.9958	199	210
Chrom_03	Chromatin	FOSL2	RSPPAPGLQPMR	Mod1: Phosphorylation (PeakApex: 79.9666, Theoretical: 79.9663)	R1;S2	0.9894	199	210
Chrom_02	Chromatin	FOSL2	RSPPAPGLQPMR	Mod1: Phosphorylation (PeakApex: 79.9666, Theoretical: 79.9663)	R1;S2	0.8833	199	210
Sol_01	Soluble	FOXK2	AAAAAALSGAGTPPAGGGAGGGGAGGGGSPPGGWAVAR	Mod1: Phosphorylation (PeakApex: 79.9666, Theoretical: 79.9663); Mod1: O-Sulfonation (Theoretical: 79.9568)	G25;G26;G27;G28;S29	1	2	39
Chrom_03	Chromatin	FOXK2	AAAAAALSGAGTPPAGGGAGGGGAGGGGSPPGGWAVAR	Mod1: Phosphorylation (PeakApex: 79.9666, Theoretical: 79.9663)	G28;S29	0.997	2	39
Sol_03	Soluble	FOXK2	AAAAAALSGAGTPPAGGGAGGGGAGGGGSPPGGWAVAR	Mod1: First isotopic peak, Mod2: Phosphorylation (PeakApex: 80.9690)	P13;P14;A15;G16;G17;G18;A19;G20;G21;G22;G23;A24;G25;G26;G27;G28;S29	0.9519	2	39
Sol_04	Soluble	FOXK2	AAAAAALSGAGTPPAGGGAGGGGAGGGGSPPGGWAVAR	Mod1: First isotopic peak, Mod2: Phosphorylation (PeakApex: 80.9690)	P13;P14;A15;G16;G17;G18;A19;G20;G21;G22;G23;A24;G25;G26;G27;G28	0.8309	2	39
Chrom_01	Chromatin	KAT7	LSQSSQDSSPVR	Mod1: Phosphorylation (PeakApex: 79.9666, Theoretical: 79.9663)	S9	0.9314	49	60
Chrom_01	Chromatin	KAT7	LSQSSQDSSPVR	Mod1: Phosphorylation (PeakApex: 79.9666, Theoretical: 79.9663)	S8;S9	0.8754	49	60
Chrom_03	Chromatin	TP53BP1	TSSGTSLSAMHSSGSSGK	Mod1: Phosphorylation (PeakApex: 79.9666, Theoretical: 79.9663); Mod1: O-Sulfonation (Theoretical: 79.9568)	S3	0.997	1315	1332
Sol_01	Soluble	TP53BP1	QSQQPMKPISPVKDPVSPASQK	Mod1: Phosphorylation (PeakApex: 79.9666, Theoretical: 79.9663); Mod1: O-Sulfonation (Theoretical: 79.9568)	K7;P8;I9;S10	0.997	1085	1106
Sol_02	Soluble	TP53BP1	QSQQPMKPISPVKDPVSPASQK	Mod1: Phosphorylation (PeakApex: 79.9666, Theoretical: 79.9663); Mod1: O-Sulfonation (Theoretical: 79.9568)	P8;I9;S10	0.9861	1085	1106
Sol_03	Soluble	TP53BP1	LITSEEERSPAKR	Mod1: Phosphorylation (PeakApex: 79.9666, Theoretical: 79.9663); Mod1: O-Sulfonation (Theoretical: 79.9568)	E7;R8;S9	0.8626	1670	1682
Sol_03	Soluble	TP53BP1	QSQQPMKPISPVKDPVSPASQK	Mod1: First isotopic peak, Mod2: Phosphorylation (PeakApex: 80.9690)	P8;I9;S10;P11;V12	0.7915	1085	1106
